IP,类型,端口,APK,app_name,厂商,反向DNS,出现次数
1.12.235.203,代理节点,,dh052,dh052,腾讯云,,1
1.12.56.168,代理节点,,,,腾讯云,,0
1.14.191.147,代理节点,,dh122,dh122,腾讯云,,1
103.120.90.46,代理节点,,dh151|dh146,dh151|dh146,未知,,2
103.120.90.51,代理节点,,dh052|dh139,dh052|dh139,未知,,2
103.120.90.85,代理节点,,dh122,dh122,未知,,1
103.45.129.234,代理节点,,dh052|dh151|dh122|dh139|dh146,dh052|dh151|dh122|dh139|dh146,未知,,5
106.52.238.195,代理节点,,dh122,dh122,腾讯云,,1
106.52.37.241,代理节点,,dh146,dh146,腾讯云,,1
110.41.11.13,代理节点,,dh146,dh146,华为云,ecs-110-41-11-13.compute.hwclouds-dns.com,1
110.41.60.161,代理节点,,dh122,dh122,华为云,ecs-110-41-60-161.compute.hwclouds-dns.com,1
111.230.244.59,代理节点,,dh146,dh146,腾讯云,,1
113.45.254.81,代理节点,,dh146,dh146,华为云,ecs-113-45-254-81.compute.hwclouds-dns.com,1
113.45.47.238,代理节点,,dh146,dh146,华为云,ecs-113-45-47-238.compute.hwclouds-dns.com,1
114.132.204.167,代理节点,,dh139,dh139,华为云,,1
116.205.241.185,代理节点,,dh122,dh122,华为云,mail.jiniq.com,1
119.29.181.250,代理节点,,dh139,dh139,腾讯云,,1
119.91.53.120,代理节点,,,,腾讯云,,0
121.37.218.156,代理节点,,dh146,dh146,华为云,ecs-121-37-218-156.compute.hwclouds-dns.com,1
121.37.39.209,代理节点,,dh122,dh122,华为云,ecs-121-37-39-209.compute.hwclouds-dns.com,1
123.207.63.125,代理节点,,dh151,dh151,腾讯云,,1
124.71.15.147,代理节点,,dh122,dh122,华为云,ecs-124-71-15-147.compute.hwclouds-dns.com,1
124.71.18.253,代理节点,,dh146,dh146,华为云,ecs-124-71-18-253.compute.hwclouds-dns.com,1
134.175.108.231,代理节点,,dh139,dh139,腾讯云,,1
134.175.59.242,代理节点,,dh122,dh122,腾讯云,,1
139.159.150.120,代理节点,,dh122,dh122,腾讯云,ecs-139-159-150-120.compute.hwclouds-dns.com,1
139.159.212.120,代理节点,,dh146,dh146,腾讯云,ecs-139-159-212-120.compute.hwclouds-dns.com,1
139.159.242.171,代理节点,,dh122,dh122,腾讯云,ecs-139-159-242-171.compute.hwclouds-dns.com,1
139.199.11.70,代理节点,,dh151,dh151,腾讯云,,1
159.75.108.175,代理节点,,,,腾讯云,,0
159.75.132.144,代理节点,,dh151,dh151,腾讯云,,1
159.75.41.106,代理节点,,dh146,dh146,腾讯云,,1
159.75.47.33,代理节点,,dh122,dh122,腾讯云,,1
159.75.81.201,代理节点,,dh151,dh151,腾讯云,,1
175.178.119.42,代理节点,,dh122,dh122,腾讯云,,1
175.178.206.139,代理节点,,dh146,dh146,腾讯云,,1
175.178.83.21,代理节点,,dh151,dh151,腾讯云,,1
42.193.229.107,代理节点,,dh122,dh122,腾讯云,,1
43.136.65.52,代理节点,,dh139,dh139,腾讯云,,1
43.136.98.107,代理节点,,dh151,dh151,腾讯云,,1
43.138.182.34,代理节点,,dh122,dh122,腾讯云,,1
43.139.138.200,代理节点,,dh146,dh146,腾讯云,,1
43.139.215.71,代理节点,,dh151,dh151,腾讯云,,1
43.139.233.86,代理节点,,dh139,dh139,腾讯云,,1
43.139.250.199,代理节点,,dh139,dh139,腾讯云,,1
43.139.90.135,代理节点,,dh139,dh139,腾讯云,,1
43.140.37.172,代理节点,,dh146,dh146,腾讯云,,1
8.134.111.16,代理节点,,dh122,dh122,阿里云,,1
8.134.135.186,代理节点,,dh151,dh151,阿里云,,1
8.134.140.0,代理节点,,dh139,dh139,阿里云,,1
8.134.140.12,代理节点,,dh052,dh052,阿里云,,1
8.134.147.207,代理节点,,dh151,dh151,阿里云,,1
8.134.148.241,代理节点,,dh122,dh122,阿里云,,1
8.134.177.243,代理节点,,,,阿里云,,0
8.134.180.186,代理节点,,,,阿里云,,0
8.134.185.37,代理节点,,dh151,dh151,阿里云,,1
8.134.207.154,代理节点,,dh139,dh139,阿里云,,1
8.134.209.215,代理节点,,dh151,dh151,阿里云,,1
8.134.212.55,代理节点,,dh122,dh122,阿里云,,1
8.134.51.117,代理节点,,dh122,dh122,阿里云,,1
8.134.69.174,代理节点,,dh151,dh151,阿里云,,1
8.134.93.241,代理节点,,dh122,dh122,阿里云,,1
8.134.95.207,代理节点,,dh151,dh151,阿里云,,1
8.138.118.225,代理节点,,dh146,dh146,阿里云,,1
8.138.160.66,代理节点,,dh146,dh146,阿里云,,1
8.138.210.90,代理节点,,dh139,dh139,阿里云,,1
8.138.215.39,代理节点,,dh139,dh139,阿里云,,1
8.138.216.65,代理节点,,dh139,dh139,阿里云,,1
8.138.36.224,代理节点,,dh122,dh122,阿里云,,1
8.138.41.144,代理节点,,,,阿里云,,0
8.138.44.106,代理节点,,dh151,dh151,阿里云,,1
8.138.80.131,代理节点,,dh151,dh151,阿里云,,1
8.138.92.167,代理节点,,dh139,dh139,阿里云,,1
8.138.97.66,代理节点,,dh151,dh151,阿里云,,1
8.148.226.188,代理节点,,dh146,dh146,阿里云,,1
8.163.100.173,代理节点,,dh146,dh146,阿里云,,1
8.163.64.134,代理节点,,dh146,dh146,阿里云,,1
8.163.70.125,代理节点,,dh146,dh146,阿里云,,1
8.163.75.28,代理节点,,dh146,dh146,阿里云,,1
1.12.56.168,控制面节点,30122,dh122,dh122,腾讯云,,1
106.53.12.54,控制面节点,30151,dh151|dh151,dh151|dh151,腾讯云,,2
114.132.241.58,控制面节点,30139,dh139,dh139,华为云,,1
119.91.53.120,控制面节点,30146,dh146,dh146,腾讯云,,1
129.204.151.112,控制面节点,30052,dh052,dh052,腾讯云,,1
134.175.216.234,控制面节点,30146,dh146,dh146,腾讯云,,1
134.175.249.175,控制面节点,30139,dh139,dh139,腾讯云,,1
139.199.11.70,控制面节点,,,,腾讯云,,0
159.75.108.175,控制面节点,30122,dh122,dh122,腾讯云,,1
175.178.83.21,控制面节点,,,,腾讯云,,0
193.112.206.154,控制面节点,30151,dh151|dh151,dh151|dh151,腾讯云,,2
43.138.250.177,控制面节点,30052,dh052,dh052,腾讯云,,1
8.134.177.243,控制面节点,30052,dh052,dh052,阿里云,,1
8.134.180.186,控制面节点,30139,dh139,dh139,阿里云,,1
8.138.41.144,控制面节点,30151,dh151|dh151,dh151|dh151,阿里云,,2
